{
  "plugin.dependencies": "",
  "plugin.load-before": "",
  "plugin.version": "Alpha",
  "debug-build-mode": false,
  "open-tab": 0,
  "plugin-components": [
    {
      "children": [{
        "=": "org.bukkit.Bukkit#broadcastMessage(java.lang.String)",
        "parameters": [{
          "=": "expr-player-variable",
          "parameters": [
            {"=": "expr-command-sender"},
            {
              "=": "expr-string",
              "parameters": ["drink"]
            }
          ]
        }]
      }],
      "=": "comp-command",
      "parameters": [
        "test",
        "",
        "",
        "",
        "",
        ""
      ]
    },
    {
      "children": [{
        "children": [{
          "=": "org.bukkit.Bukkit#broadcastMessage(java.lang.String)",
          "parameters": [{
            "=": "expr-string",
            "parameters": ["&b&o&lDurst &r&bvAlpha by &k#&r&c&nLeSimxn&r&b&l&k#"]
          }]
        }],
        "=": "stat-schedule-task",
        "parameters": [
          "sync",
          "run once",
          {
            "=": "expr-number",
            "parameters": ["50"]
          }
        ]
      }],
      "=": "comp-plugin-enable"
    },
    {
      "children": [{
        "=": "stat-set-player-variable",
        "parameters": [
          {"=": "expr-command-sender"},
          {
            "=": "expr-string",
            "parameters": ["drink"]
          },
          {
            "=": "expr-number",
            "parameters": ["100"]
          }
        ]
      }],
      "=": "comp-command",
      "parameters": [
        "health",
        "",
        "",
        "op",
        "",
        ""
      ]
    },
    {
      "children": [
        {
          "=": "stat-schedule-task",
          "parameters": [
            "sync",
            "repeat",
            {
              "=": "expr-number",
              "parameters": ["5"]
            }
          ]
        },
        {
          "children": [{
            "children": [{
              "=": "org.bukkit.Bukkit#broadcastMessage(java.lang.String)",
              "parameters": [{
                "=": "expr-string",
                "parameters": ["Drink bua"]
              }]
            }],
            "=": "stat-if-statement",
            "parameters": [
              {"=": "org.bukkit.Sound#ENTITY_GENERIC_DRINK"},
              "normal"
            ]
          }],
          "=": "stat-schedule-task",
          "parameters": [
            "sync",
            "repeat",
            {
              "=": "expr-number",
              "parameters": ["20"]
            }
          ]
        },
        {
          "children": [
            {
              "=": "stat-set-player-variable",
              "parameters": [
                {"=": "org.bukkit.event.player.PlayerJoinEvent#getPlayer()"},
                {
                  "=": "expr-string",
                  "parameters": ["drink"]
                },
                {
                  "=": "expr-number",
                  "parameters": ["100"]
                }
              ]
            },
            {
              "=": "stat-set-global-variable",
              "parameters": [
                "werpje",
                {"=": "org.bukkit.event.player.PlayerJoinEvent#getPlayer()"}
              ]
            }
          ],
          "=": "stat-schedule-task",
          "parameters": [
            "sync",
            "run once",
            {
              "=": "expr-number",
              "parameters": ["1"]
            }
          ]
        },
        {
          "children": [{
            "children": [{
              "=": "org.bukkit.entity.Damageable#damage(double)",
              "parameters": [
                {"=": "org.bukkit.event.player.PlayerJoinEvent#getPlayer()"},
                {
                  "=": "expr-number",
                  "parameters": ["0.5"]
                }
              ]
            }],
            "=": "stat-if-statement",
            "parameters": [
              {
                "=": "expr-is-equal",
                "parameters": [
                  {
                    "=": "expr-player-variable",
                    "parameters": [
                      {"=": "org.bukkit.event.player.PlayerJoinEvent#getPlayer()"},
                      {
                        "=": "expr-string",
                        "parameters": ["amverhungern"]
                      }
                    ]
                  },
                  {
                    "=": "expr-boolean",
                    "parameters": ["true"]
                  }
                ]
              },
              "normal"
            ]
          }],
          "=": "stat-schedule-task",
          "parameters": [
            "sync",
            "repeat",
            {
              "=": "expr-number",
              "parameters": ["20"]
            }
          ]
        },
        {
          "children": [{
            "children": [{
              "=": "stat-set-player-variable",
              "parameters": [
                {"=": "org.bukkit.event.player.PlayerJoinEvent#getPlayer()"},
                {
                  "=": "expr-string",
                  "parameters": ["amverhungern"]
                },
                {
                  "=": "expr-boolean",
                  "parameters": ["false"]
                }
              ]
            }],
            "=": "stat-if-statement",
            "parameters": [
              {
                "=": "expr-inequality",
                "parameters": [
                  {
                    "=": "expr-player-variable",
                    "parameters": [
                      {"=": "org.bukkit.event.player.PlayerJoinEvent#getPlayer()"},
                      {
                        "=": "expr-string",
                        "parameters": ["drink"]
                      }
                    ]
                  },
                  ">",
                  {
                    "=": "expr-number",
                    "parameters": ["1"]
                  }
                ]
              },
              "normal"
            ]
          }],
          "=": "stat-schedule-task",
          "parameters": [
            "sync",
            "repeat",
            {
              "=": "expr-number",
              "parameters": ["10"]
            }
          ]
        },
        {
          "children": [{
            "=": "stat-set-global-variable",
            "parameters": [
              "weristgejoint",
              {
                "=": "expr-player-variable",
                "parameters": [
                  {"=": "org.bukkit.event.player.PlayerJoinEvent#getPlayer()"},
                  {
                    "=": "expr-string",
                    "parameters": ["drink"]
                  }
                ]
              }
            ]
          }],
          "=": "stat-schedule-task",
          "parameters": [
            "async",
            "repeat",
            {
              "=": "expr-number",
              "parameters": ["2"]
            }
          ]
        },
        {
          "children": [{
            "=": "stat-set-player-variable",
            "parameters": [
              {"=": "org.bukkit.event.player.PlayerJoinEvent#getPlayer()"},
              {
                "=": "expr-string",
                "parameters": ["drink"]
              },
              {
                "=": "expr-function-value",
                "parameters": [
                  "Randomdrinkweg",
                  {
                    "size": 1,
                    "=": "expr-new-list",
                    "parameters": [{
                      "=": "expr-string",
                      "parameters": ["Test"]
                    }]
                  }
                ]
              }
            ]
          }],
          "=": "stat-schedule-task",
          "parameters": [
            "sync",
            "repeat",
            {
              "=": "expr-number",
              "parameters": ["10"]
            }
          ]
        },
        {
          "children": [{
            "children": [{
              "=": "stat-set-player-variable",
              "parameters": [
                {"=": "org.bukkit.event.player.PlayerJoinEvent#getPlayer()"},
                {
                  "=": "expr-string",
                  "parameters": ["amverhungern"]
                },
                {
                  "=": "expr-boolean",
                  "parameters": ["true"]
                }
              ]
            }],
            "=": "stat-if-statement",
            "parameters": [
              {
                "=": "expr-inequality",
                "parameters": [
                  {
                    "=": "expr-player-variable",
                    "parameters": [
                      {"=": "org.bukkit.event.player.PlayerJoinEvent#getPlayer()"},
                      {
                        "=": "expr-string",
                        "parameters": ["drink"]
                      }
                    ]
                  },
                  "<",
                  {
                    "=": "expr-number",
                    "parameters": ["1"]
                  }
                ]
              },
              "normal"
            ]
          }],
          "=": "stat-schedule-task",
          "parameters": [
            "sync",
            "repeat",
            {
              "=": "expr-number",
              "parameters": ["10"]
            }
          ]
        }
      ],
      "=": "org.bukkit.event.player.PlayerJoinEvent",
      "parameters": ["HIGH"]
    },
    {
      "=": "org.bukkit.event.block.BlockCookEvent",
      "parameters": ["NORMAL"]
    },
    {
      "children": [{
        "children": [{
          "=": "stat-function-return",
          "parameters": [{
            "=": "expr-arithmetic",
            "parameters": [
              {
                "=": "expr-global-variable",
                "parameters": ["weristgejoint"]
              },
              "-",
              {
                "=": "expr-random-list-element",
                "parameters": [{
                  "size": 5,
                  "=": "expr-new-list",
                  "parameters": [
                    {
                      "=": "expr-number",
                      "parameters": ["1"]
                    },
                    {
                      "=": "expr-number",
                      "parameters": ["2"]
                    },
                    {
                      "=": "expr-number",
                      "parameters": ["3"]
                    },
                    {
                      "=": "expr-number",
                      "parameters": ["4"]
                    },
                    {
                      "=": "expr-number",
                      "parameters": ["5"]
                    }
                  ]
                }]
              }
            ]
          }]
        }],
        "=": "stat-if-statement",
        "parameters": [
          {
            "=": "expr-inequality",
            "parameters": [
              {
                "=": "expr-global-variable",
                "parameters": ["weristgejoint"]
              },
              "<",
              {
                "=": "expr-number",
                "parameters": ["0"]
              }
            ]
          },
          "negate condition"
        ]
      }],
      "=": "comp-function",
      "parameters": ["Randomdrinkweg"]
    },
    {
      "=": "org.bukkit.event.entity.PlayerDeathEvent",
      "parameters": ["NORMAL"]
    },
    {
      "children": [{
        "=": "stat-set-player-variable",
        "parameters": [
          {
            "=": "expr-global-variable",
            "parameters": ["werpje"]
          },
          {
            "=": "expr-string",
            "parameters": ["drink"]
          },
          {
            "=": "expr-number",
            "parameters": ["100"]
          }
        ]
      }],
      "=": "org.bukkit.event.entity.PlayerDeathEvent",
      "parameters": ["HIGH"]
    },
    {
      "=": "org.bukkit.event.player.PlayerItemConsumeEvent",
      "parameters": ["HIGH"]
    },
    {
      "children": [{
        "=": "stat-set-player-variable",
        "parameters": [
          {
            "=": "expr-global-variable",
            "parameters": ["werpje"]
          },
          {
            "=": "expr-string",
            "parameters": ["drink"]
          },
          {
            "=": "expr-arithmetic",
            "parameters": [
              {
                "=": "expr-player-variable",
                "parameters": [
                  {
                    "=": "expr-global-variable",
                    "parameters": ["werpje"]
                  },
                  {
                    "=": "expr-string",
                    "parameters": ["durst"]
                  }
                ]
              },
              "+",
              {
                "=": "expr-number",
                "parameters": ["5"]
              }
            ]
          }
        ]
      }],
      "=": "org.bukkit.event.player.PlayerItemConsumeEvent",
      "parameters": ["NORMAL"]
    }
  ],
  "plugin.soft-dependencies": "",
  "plugin.name": "Durst",
  "plugin.prefix": "",
  "current-plugin-component": 0,
  "plugin.author": "lesimxn",
  "plugin.description": "",
  "plugin.permissions": "",
  "open-plugin-components": [
    9,
    7,
    3,
    5,
    2,
    1,
    0
  ],
  "plugin.website": "creatorakademie.de"
}