{
  "plugin.dependencies": "",
  "plugin.load-before": "",
  "plugin.version": "Alpha",
  "debug-build-mode": true,
  "open-tab": 0,
  "plugin-components": [
    {
      "=": "comp-command",
      "parameters": [
        "test",
        "",
        "",
        "",
        "",
        ""
      ]
    },
    {
      "children": [{
        "children": [{
          "=": "org.bukkit.Bukkit#broadcastMessage(java.lang.String)",
          "parameters": [{
            "=": "expr-string",
            "parameters": ["&b&o&lDurst &r&bvAlpha by &k#&r&c&nLeSimxn&r&b&l&k#"]
          }]
        }],
        "=": "stat-schedule-task",
        "parameters": [
          "sync",
          "run once",
          {
            "=": "expr-number",
            "parameters": ["50"]
          }
        ]
      }],
      "=": "comp-plugin-enable"
    },
    {
      "children": [{
        "=": "org.bukkit.command.CommandSender#sendMessage(java.lang.String...)",
        "parameters": [
          {"=": "expr-command-sender"},
          {
            "size": 7,
            "=": "expr-new-list",
            "parameters": [
              {
                "=": "expr-string",
                "parameters": ["&8--------------------------------------"]
              },
              {
                "=": "expr-string",
                "parameters": [""]
              },
              {
                "=": "expr-string",
                "parameters": ["&b&lDein Trinken:"]
              },
              {
                "=": "expr-string",
                "parameters": [""]
              },
              {
                "=": "expr-player-variable",
                "parameters": [
                  {"=": "expr-command-sender"},
                  {
                    "=": "expr-string",
                    "parameters": ["drink"]
                  }
                ]
              },
              {
                "=": "expr-string",
                "parameters": [""]
              },
              {
                "=": "expr-string",
                "parameters": ["&8--------------------------------------"]
              }
            ]
          }
        ]
      }],
      "=": "comp-command",
      "parameters": [
        "health",
        "",
        "Zeigt dir dein Durst an :)",
        "",
        "",
        ""
      ]
    },
    {
      "children": [{
        "children": [{
          "=": "stat-set-player-variable",
          "parameters": [
            {"=": "org.bukkit.event.player.PlayerJoinEvent#getPlayer()"},
            {
              "=": "expr-string",
              "parameters": ["drink"]
            },
            {
              "=": "expr-string",
              "parameters": ["100"]
            }
          ]
        }],
        "=": "stat-schedule-task",
        "parameters": [
          "sync",
          "run once",
          {
            "=": "expr-number",
            "parameters": ["1"]
          }
        ]
      }],
      "=": "org.bukkit.event.player.PlayerJoinEvent",
      "parameters": ["HIGH"]
    }
  ],
  "plugin.soft-dependencies": "",
  "plugin.name": "Durst",
  "plugin.prefix": "",
  "current-plugin-component": 0,
  "plugin.author": "lesimxn",
  "plugin.description": "",
  "plugin.permissions": "",
  "open-plugin-components": [
    3,
    2,
    1,
    0
  ],
  "plugin.website": "creatorakademie.de"
}